iter,Tiempo (min),mse
0,0.1798273722330729,0.03138737753033638
Promedio,0.1798273722330729,0.03138737753033638
Desviación Estándar,0.0,0.0
