iter,Tiempo (min),mse
0,0.08586485385894775,0.09155914932489395
Promedio,0.08586485385894775,0.09155914932489395
Desviación Estándar,0.0,0.0
