Repetion,Time (min),MSE
0,0.08428177436192831,0.019334400072693825
1,0.08371728658676147,0.030142854899168015
2,0.1042025883992513,0.02425503171980381
3,0.09721378485361735,0.027935108169913292
4,0.08899842898050944,0.0198344886302948
Mean,0.09168277263641358,0.02430037669837475
Std,0.00790907487904099,0.004288425367135285
