Repetion, Time(min), MSE
0, 0.10522313515345255, 0.02437949925661087
1, 0.12041694323221842, 0.025777213275432587
2, 0.08917036453882853, 0.025743721053004265
3, 0.09263249238332112, 0.02281898632645607
4, 0.08739081621170045, 0.008639966137707233
Mean, 0.0989667503039042, 0.021471877209842206
Std, 0.012404413534039016, 0.006507095806273861
