Repetion,Time (min),MSE
0,0.08791858752568563,0.03367860987782478
1,0.09064062436421712,0.04579208791255951
2,0.0864567518234253,0.05252793803811073
3,0.08521743615468343,0.025854334235191345
4,0.0948536237080892,0.03550799936056137
Mean,0.08901740471522013,0.03867219388484955
Std,0.003432212046798876,0.009401277266707288
