iter,Tiempo (min),mse
0,0.17877085208892823,0.08238205313682556
Promedio,0.17877085208892823,0.08238205313682556
Desviación Estándar,0.0,0.0
