iter,Tiempo (min),mse
0,0.1014413595199585,0.0710984468460083
Promedio,0.1014413595199585,0.0710984468460083
Desviación Estándar,0.0,0.0
