iter,Tiempo (min),mse
0,0.10085726181666056,0.06210876256227493
Promedio,0.10085726181666056,0.06210876256227493
Desviación Estándar,0.0,0.0
