iter,Tiempo (min),mse
0,0.14118016560872396,0.023622747510671616
Promedio,0.14118016560872396,0.023622747510671616
Desviación Estándar,0.0,0.0
