Repetion,Time (min),MSE
0,0.09838599761327108,0.04666179418563843
1,0.0927387833595276,0.04368820786476135
2,0.09879695971806844,0.051983315497636795
3,0.08351893822352091,0.04955442249774933
4,0.09594148397445679,0.05200957506895065
Mean,0.09387643257776897,0.04877946302294731
Std,0.0056104213114677,0.0032157194245505793
