Repetion,Time (min),MSE
0,0.13667157491048176,0.010834522545337677
1,0.18447024027506512,0.029397811740636826
2,0.09606547355651855,0.01166391372680664
3,0.08376223643620809,0.01585877500474453
4,0.09735934336980184,0.01032787561416626
Mean,0.11966577370961509,0.015616579726338387
Std,0.03696601453194554,0.0071616065928969816
