Repetion,Time (min),MSE
0,0.08354440132776896,0.01856723614037037
1,0.0976045290629069,0.023385850712656975
2,0.08241982460021972,0.03507378324866295
3,0.09529183705647787,0.025627298280596733
4,0.08699568112691243,0.011703751049935818
Mean,0.08917125463485717,0.022871583886444568
Std,0.006173460172370353,0.007745966708543741
