iter,Tiempo (min),mse
0,0.08120899200439453,0.013074718415737152
Promedio,0.08120899200439453,0.013074718415737152
Desviación Estándar,0.0,0.0
