iter,Tiempo (min),mse
0,0.18831337292989095,0.03911924734711647
Promedio,0.18831337292989095,0.03911924734711647
Desviación Estándar,0.0,0.0
