iter,Tiempo (min),mse
0,0.16982475121815999,0.037087541073560715
Promedio,0.16982475121815999,0.037087541073560715
Desviación Estándar,0.0,0.0
