iter,Tiempo (min),mse
0,0.08845324118932088,0.024314261972904205
Promedio,0.08845324118932088,0.024314261972904205
Desviación Estándar,0.0,0.0
