iter,Tiempo (min),mse
0,0.09745959440867107,0.08490652590990067
Promedio,0.09745959440867107,0.08490652590990067
Desviación Estándar,0.0,0.0
