iter,Tiempo (min),mse
0,0.21380416552225748,0.054634202271699905
Promedio,0.21380416552225748,0.054634202271699905
Desviación Estándar,0.0,0.0
