iter,Tiempo (min),mse
0,0.12985676129659016,0.018502462655305862
Promedio,0.12985676129659016,0.018502462655305862
Desviación Estándar,0.0,0.0
