iter,Tiempo (min),mse
0,0.15691577196121215,0.02492198534309864
Promedio,0.15691577196121215,0.02492198534309864
Desviación Estándar,0.0,0.0
