iter,Tiempo (min),mse
0,0.08813826640446981,0.03125055506825447
Promedio,0.08813826640446981,0.03125055506825447
Desviación Estándar,0.0,0.0
